"Team_One_ID","Team_One_Name","Team_Two_ID","Team_Two_Name","Week"
"4809","josh","4805","Completely Unthreatening and Friendly Neighbors","9"
"4808","Seal Team 6","4815","no regerts","10"
"4813","Snelly","4805","Completely Unthreatening and Friendly Neighbors","7"
"4808","Seal Team 6","4811","YETICAT","1"
"4815","no regerts","4807","Tate","5"
"4805","Completely Unthreatening and Friendly Neighbors","4812","winsome","2"
"4807","Tate","4808","Seal Team 6","3"
"4805","Completely Unthreatening and Friendly Neighbors","4814","Pokemon God (I know nothing)","1"
"4809","josh","4810","dictatorforlife","1"
"4810","dictatorforlife","4813","Snelly","10"
"4811","YETICAT","4807","Tate","7"
"4804","BelowAvrg's Team","4805","Completely Unthreatening and Friendly Neighbors","11"
"4810","dictatorforlife","4811","YETICAT","11"
"4812","winsome","4815","no regerts","8"
"4811","YETICAT","4814","Pokemon God (I know nothing)","9"
"4806","socksinthedryer ","4807","Tate","4"
"4812","winsome","4810","dictatorforlife","5"
"4806","socksinthedryer ","4811","YETICAT","2"
"4813","Snelly","4811","YETICAT","4"
"4809","josh","4807","Tate","8"
"4804","BelowAvrg's Team","4811","YETICAT","5"
"4808","Seal Team 6","4806","socksinthedryer ","9"
"4814","Pokemon God (I know nothing)","4812","winsome","3"
"4809","josh","4812","winsome","11"
"4804","BelowAvrg's Team","4809","josh","7"
"4807","Tate","4805","Completely Unthreatening and Friendly Neighbors","10"
"4810","dictatorforlife","4815","no regerts","9"
"4804","BelowAvrg's Team","4812","winsome","4"
"4804","BelowAvrg's Team","4806","socksinthedryer ","10"
"4804","BelowAvrg's Team","4807","Tate","9"
"4808","Seal Team 6","4809","josh","2"
"4807","Tate","4810","dictatorforlife","2"
"4811","YETICAT","4812","winsome","10"
"","","","","12"
"4810","dictatorforlife","4806","socksinthedryer ","8"
"4804","BelowAvrg's Team","4810","dictatorforlife","6"
"4806","socksinthedryer ","4809","josh","3"
"4811","YETICAT","4809","josh","6"
"4813","Snelly","4814","Pokemon God (I know nothing)","8"
"4814","Pokemon God (I know nothing)","4810","dictatorforlife","4"
"4813","Snelly","4807","Tate","6"
"4811","YETICAT","4805","Completely Unthreatening and Friendly Neighbors","8"
"4812","winsome","4808","Seal Team 6","6"
"4808","Seal Team 6","4813","Snelly","11"
"4815","no regerts","4805","Completely Unthreatening and Friendly Neighbors","6"
"4814","Pokemon God (I know nothing)","4806","socksinthedryer ","6"
"4815","no regerts","4813","Snelly","2"
"4810","dictatorforlife","4808","Seal Team 6","7"
"4805","Completely Unthreatening and Friendly Neighbors","4810","dictatorforlife","3"
"4805","Completely Unthreatening and Friendly Neighbors","4806","socksinthedryer ","5"
"","","","","13"
"4815","no regerts","4809","josh","4"
"4806","socksinthedryer ","4813","Snelly","1"
"4804","BelowAvrg's Team","4814","Pokemon God (I know nothing)","2"
"4804","BelowAvrg's Team","4808","Seal Team 6","8"
"4804","BelowAvrg's Team","4815","no regerts","1"
"4814","Pokemon God (I know nothing)","4815","no regerts","7"
"4807","Tate","4812","winsome","1"
"4812","winsome","4813","Snelly","9"
"4813","Snelly","4809","josh","5"
"4809","josh","4814","Pokemon God (I know nothing)","10"
"4814","Pokemon God (I know nothing)","4808","Seal Team 6","5"
"4807","Tate","4814","Pokemon God (I know nothing)","11"
"4806","socksinthedryer ","4815","no regerts","11"
"4804","BelowAvrg's Team","4813","Snelly","3"
"4815","no regerts","4811","YETICAT","3"
"","","","","12"
"4805","Completely Unthreatening and Friendly Neighbors","4808","Seal Team 6","4"
"4812","winsome","4806","socksinthedryer ","7"