"ID","Name","Variation","Generation","Draftable","Tier","Status"
"1","Bulbasaur","","1","false","0","excluded"
"2","Ivysaur","","1","false","0","excluded"
"3","Venusaur","","1","true","17","tiered"
"4","Venusaur","Mega","6","true","16","tiered"
"5","Charmander","","1","false","0","excluded"
"6","Charmeleon","","1","false","0","excluded"
"7","Charizard","","1","true","11","tiered"
"8","Charizard","Mega-X","6","true","15","tiered"
"9","Charizard","Mega-Y","6","true","20","tiered"
"10","Squirtle","","1","false","0","excluded"
"11","Wartortle","","1","false","0","excluded"
"12","Blastoise","","1","true","13","tiered"
"13","Blastoise","Mega","6","true","16","tiered"
"14","Caterpie","","1","false","0","excluded"
"15","Metapod","","1","false","0","excluded"
"16","Butterfree","","1","false","0","excluded"
"17","Weedle","","1","false","0","excluded"
"18","Kakuna","","1","false","0","excluded"
"19","Beedrill","","1","true","2","tiered"
"20","Beedrill","Mega","6","true","12","tiered"
"21","Pidgey","","1","false","0","excluded"
"22","Pidgeotto","","1","false","0","excluded"
"23","Pidgeot","","1","true","4","tiered"
"24","Pidgeot","Mega","6","true","8","tiered"
"25","Rattata","","1","false","0","excluded"
"26","Rattata","Alola","7","false","0","excluded"
"27","Raticate","","1","false","0","excluded"
"28","Raticate","Alola","7","false","0","excluded"
"29","Spearow","","1","false","0","excluded"
"30","Fearow","","1","false","0","excluded"
"31","Ekans","","1","false","0","excluded"
"32","Arbok","","1","true","1","tiered"
"33","Pikachu","","1","true","5","tiered"
"34","Pikachu","Partner","1","false","0","excluded"
"35","Raichu","","1","true","12","tiered"
"36","Raichu","Alola","7","true","11","tiered"
"1217","Raichu","Mega-X","9","true","11","tiered"
"1218","Raichu","Mega-Y","9","true","18","tiered"
"37","Sandshrew","","1","false","0","excluded"
"38","Sandshrew","Alola","7","false","0","excluded"
"39","Sandslash","","1","false","0","excluded"
"40","Sandslash","Alola","7","false","0","excluded"
"41","Nidoran","F","1","false","0","excluded"
"42","Nidorina","","1","false","0","excluded"
"43","Nidoqueen","","1","false","0","excluded"
"44","Nidoran","M","1","false","0","excluded"
"45","Nidorino","","1","false","0","excluded"
"46","Nidoking","","1","false","0","excluded"
"47","Clefairy","","1","false","0","excluded"
"48","Clefable","","1","true","12","tiered"
"1219","Clefable","Mega","9","true","10","tiered"
"49","Vulpix","","1","false","0","excluded"
"50","Vulpix","Alola","7","false","0","excluded"
"51","Ninetales","","1","true","10","tiered"
"52","Ninetales","Alola","7","true","15","tiered"
"53","Jigglypuff","","1","false","0","excluded"
"54","Wigglytuff","","1","true","10","tiered"
"55","Zubat","","1","false","0","excluded"
"56","Golbat","","1","false","0","excluded"
"57","Oddish","","1","false","0","excluded"
"58","Gloom","","1","false","0","excluded"
"59","Vileplume","","1","true","8","tiered"
"60","Paras","","1","false","0","excluded"
"61","Parasect","","1","false","0","excluded"
"62","Venonat","","1","false","0","excluded"
"63","Venomoth","","1","false","0","excluded"
"64","Diglett","","1","false","0","excluded"
"65","Diglett","Alola","7","false","0","excluded"
"66","Dugtrio","","1","false","0","excluded"
"67","Dugtrio","Alola","7","false","0","excluded"
"68","Meowth","","1","false","0","excluded"
"69","Meowth","Alola","7","false","0","excluded"
"70","Meowth","Galar","8","false","0","excluded"
"71","Persian","","1","true","5","tiered"
"72","Persian","Alola","7","true","9","tiered"
"73","Psyduck","","1","false","0","excluded"
"74","Golduck","","1","false","0","excluded"
"75","Mankey","","1","false","0","excluded"
"76","Primeape","","1","false","0","excluded"
"77","Growlithe","","1","false","0","excluded"
"78","Growlithe","Hisui","1","false","0","excluded"
"79","Arcanine","","1","true","12","tiered"
"80","Arcanine","Hisui","1","true","15","tiered"
"81","Poliwag","","1","false","0","excluded"
"82","Poliwhirl","","1","false","0","excluded"
"83","Poliwrath","","1","false","0","excluded"
"84","Abra","","1","false","0","excluded"
"85","Kadabra","","1","false","0","excluded"
"86","Alakazam","","1","true","5","tiered"
"87","Alakazam","Mega","6","true","11","tiered"
"88","Machop","","1","false","0","excluded"
"89","Machoke","","1","false","0","excluded"
"90","Machamp","","1","true","7","tiered"
"91","Bellsprout","","1","false","0","excluded"
"92","Weepinbell","","1","false","0","excluded"
"93","Victreebel","","1","true","6","tiered"
"1220","Victreebel","Mega","9","true","8","tiered"
"94","Tentacool","","1","false","0","excluded"
"95","Tentacruel","","1","false","0","excluded"
"96","Geodude","","1","false","0","excluded"
"97","Geodude","Alola","7","false","0","excluded"
"98","Graveler","","1","false","0","excluded"
"99","Graveler","Alola","7","false","0","excluded"
"100","Golem","","1","false","0","excluded"
"101","Golem","Alola","7","false","0","excluded"
"102","Ponyta","","1","false","0","excluded"
"103","Ponyta","Galar","8","false","0","excluded"
"104","Rapidash","","1","false","0","excluded"
"105","Rapidash","Galar","8","false","0","excluded"
"106","Slowpoke","","1","false","0","excluded"
"107","Slowpoke","Galar","8","false","0","excluded"
"108","Slowbro","","1","true","7","tiered"
"109","Slowbro","Mega","6","true","11","tiered"
"110","Slowbro","Galar","8","true","12","tiered"
"111","Magnemite","","1","false","0","excluded"
"112","Magneton","","1","false","0","excluded"
"113","Farfetchd","","1","true","2","tiered"
"114","Farfetchd","Galar","8","false","0","excluded"
"115","Doduo","","1","false","0","excluded"
"116","Dodrio","","1","false","0","excluded"
"117","Seel","","1","false","0","excluded"
"118","Dewgong","","1","false","0","excluded"
"119","Grimer","","1","false","0","excluded"
"120","Grimer","Alola","7","false","0","excluded"
"121","Muk","","1","false","0","excluded"
"122","Muk","Alola","7","false","0","excluded"
"123","Shellder","","1","false","0","excluded"
"124","Cloyster","","1","false","0","excluded"
"125","Gastly","","1","false","0","excluded"
"126","Haunter","","1","false","0","excluded"
"127","Gengar","","1","true","11","tiered"
"128","Gengar","Mega","6","true","16","tiered"
"129","Onix","","1","false","0","excluded"
"130","Drowzee","","1","false","0","excluded"
"131","Hypno","","1","false","0","excluded"
"132","Krabby","","1","false","0","excluded"
"133","Kingler","","1","false","0","excluded"
"134","Voltorb","","1","false","0","excluded"
"135","Voltorb","Hisui","1","false","0","excluded"
"136","Electrode","","1","false","0","excluded"
"137","Electrode","Hisui","1","false","0","excluded"
"138","Exeggcute","","1","false","0","excluded"
"139","Exeggutor","","1","false","0","excluded"
"140","Exeggutor","Alola","7","false","0","excluded"
"141","Cubone","","1","false","0","excluded"
"142","Marowak","","1","false","0","excluded"
"143","Marowak","Alola","7","false","0","excluded"
"144","Hitmonlee","","1","false","0","excluded"
"145","Hitmonchan","","1","false","0","excluded"
"146","Lickitung","","1","false","0","excluded"
"147","Koffing","","1","false","0","excluded"
"148","Weezing","","1","false","0","excluded"
"149","Weezing","Galar","8","false","0","excluded"
"150","Rhyhorn","","1","false","0","excluded"
"151","Rhydon","","1","false","0","excluded"
"152","Chansey","","1","false","0","excluded"
"153","Tangela","","1","false","0","excluded"
"154","Kangaskhan","","1","true","14","tiered"
"155","Kangaskhan","Mega","6","true","15","tiered"
"156","Horsea","","1","false","0","excluded"
"157","Seadra","","1","false","0","excluded"
"158","Goldeen","","1","false","0","excluded"
"159","Seaking","","1","false","0","excluded"
"160","Staryu","","1","false","0","excluded"
"161","Starmie","","1","true","8","tiered"
"1221","Starmie","Mega","9","true","13","tiered"
"162","Mr. Mime","","1","true","5","tiered"
"163","Mr. Mime","Galar","8","false","0","excluded"
"164","Scyther","","1","false","0","excluded"
"165","Jynx","","1","false","0","excluded"
"166","Electabuzz","","1","false","0","excluded"
"167","Magmar","","1","false","0","excluded"
"168","Pinsir","","1","true","4","tiered"
"169","Pinsir","Mega","6","true","9","tiered"
"170","Tauros","","1","true","4","tiered"
"171","Tauros","Paldea-Combat","1","true","9","tiered"
"172","Tauros","Paldea-Blaze","1","true","13","tiered"
"173","Tauros","Paldea-Aqua","1","true","12","tiered"
"174","Magikarp","","1","false","0","excluded"
"175","Gyarados","","1","true","11","tiered"
"176","Gyarados","Mega","6","true","15","tiered"
"177","Lapras","","1","false","0","excluded"
"178","Ditto","","1","true","2","tiered"
"179","Eevee","","1","false","0","excluded"
"180","Eevee","Starter","1","false","0","excluded"
"181","Vaporeon","","1","true","8","tiered"
"182","Jolteon","","1","true","6","tiered"
"183","Flareon","","1","true","3","tiered"
"184","Porygon","","1","false","0","excluded"
"185","Omanyte","","1","false","0","excluded"
"186","Omastar","","1","false","0","excluded"
"187","Kabuto","","1","false","0","excluded"
"188","Kabutops","","1","false","0","excluded"
"189","Aerodactyl","","1","true","18","tiered"
"190","Aerodactyl","Mega","6","true","16","tiered"
"191","Snorlax","","1","true","11","tiered"
"192","Articuno","","1","false","0","excluded"
"193","Articuno","Galar","8","false","0","excluded"
"194","Zapdos","","1","false","0","excluded"
"195","Zapdos","Galar","8","false","0","excluded"
"196","Moltres","","1","false","0","excluded"
"197","Moltres","Galar","8","false","0","excluded"
"198","Dratini","","1","false","0","excluded"
"199","Dragonair","","1","false","0","excluded"
"200","Dragonite","","1","true","15","tiered"
"1222","Dragonite","Mega","9","true","16","tiered"
"201","Mewtwo","","1","false","0","excluded"
"202","Mewtwo","Mega-X","6","false","0","excluded"
"203","Mewtwo","Mega-Y","6","false","0","excluded"
"204","Mew","","1","false","0","excluded"
"205","Chikorita","","2","false","0","excluded"
"206","Bayleef","","2","false","0","excluded"
"207","Meganium","","2","true","3","tiered"
"1223","Meganium","Mega","9","true","13","tiered"
"208","Cyndaquil","","2","false","0","excluded"
"209","Quilava","","2","false","0","excluded"
"210","Typhlosion","","2","true","13","tiered"
"211","Typhlosion","Hisui","2","true","14","tiered"
"212","Totodile","","2","false","0","excluded"
"213","Croconaw","","2","false","0","excluded"
"214","Feraligatr","","2","true","7","tiered"
"1224","Feraligatr","Mega","9","true","11","tiered"
"215","Sentret","","2","false","0","excluded"
"216","Furret","","2","false","0","excluded"
"217","Hoothoot","","2","false","0","excluded"
"218","Noctowl","","2","false","0","excluded"
"219","Ledyba","","2","false","0","excluded"
"220","Ledian","","2","false","0","excluded"
"221","Spinarak","","2","false","0","excluded"
"222","Ariados","","2","true","2","tiered"
"223","Crobat","","2","false","0","excluded"
"224","Chinchou","","2","false","0","excluded"
"225","Lanturn","","2","false","0","excluded"
"226","Pichu","","2","false","0","excluded"
"227","Cleffa","","2","false","0","excluded"
"228","Igglybuff","","2","false","0","excluded"
"229","Togepi","","2","false","0","excluded"
"230","Togetic","","2","false","0","excluded"
"231","Natu","","2","false","0","excluded"
"232","Xatu","","2","false","0","excluded"
"233","Mareep","","2","false","0","excluded"
"234","Flaaffy","","2","false","0","excluded"
"235","Ampharos","","2","true","4","tiered"
"236","Ampharos","Mega","6","true","9","tiered"
"237","Bellossom","","2","false","0","excluded"
"238","Marill","","2","false","0","excluded"
"239","Azumarill","","2","true","10","tiered"
"240","Sudowoodo","","2","false","0","excluded"
"241","Politoed","","2","true","12","tiered"
"242","Hoppip","","2","false","0","excluded"
"243","Skiploom","","2","false","0","excluded"
"244","Jumpluff","","2","false","0","excluded"
"245","Aipom","","2","false","0","excluded"
"246","Sunkern","","2","false","0","excluded"
"247","Sunflora","","2","false","0","excluded"
"248","Yanma","","2","false","0","excluded"
"249","Wooper","","2","false","0","excluded"
"250","Wooper","Paldea","2","false","0","excluded"
"251","Quagsire","","2","false","0","excluded"
"252","Espeon","","2","true","8","tiered"
"253","Umbreon","","2","true","5","tiered"
"254","Murkrow","","2","false","0","excluded"
"255","Slowking","","2","true","10","tiered"
"256","Slowking","Galar","8","true","12","tiered"
"257","Misdreavus","","2","false","0","excluded"
"258","Unown","","2","false","0","excluded"
"259","Wobbuffet","","2","false","0","excluded"
"260","Girafarig","","2","false","0","excluded"
"261","Pineco","","2","false","0","excluded"
"262","Forretress","","2","true","2","tiered"
"263","Dunsparce","","2","false","0","excluded"
"264","Gligar","","2","false","0","excluded"
"265","Steelix","","2","true","3","tiered"
"266","Steelix","Mega","6","true","9","tiered"
"267","Snubbull","","2","false","0","excluded"
"268","Granbull","","2","false","0","excluded"
"269","Qwilfish","","2","true","1","tiered"
"270","Qwilfish","Hisui","2","false","0","excluded"
"271","Scizor","","2","true","10","tiered"
"272","Scizor","Mega","6","true","13","tiered"
"273","Shuckle","","2","false","0","excluded"
"274","Heracross","","2","true","5","tiered"
"275","Heracross","Mega","6","true","10","tiered"
"276","Sneasel","","2","false","0","excluded"
"277","Sneasel","Hisui","2","false","0","excluded"
"278","Teddiursa","","2","false","0","excluded"
"279","Ursaring","","2","false","0","excluded"
"280","Slugma","","2","false","0","excluded"
"281","Magcargo","","2","false","0","excluded"
"282","Swinub","","2","false","0","excluded"
"283","Piloswine","","2","false","0","excluded"
"284","Corsola","","2","false","0","excluded"
"285","Corsola","Galar","8","false","0","excluded"
"286","Remoraid","","2","false","0","excluded"
"287","Octillery","","2","false","0","excluded"
"288","Delibird","","2","false","0","excluded"
"289","Mantine","","2","false","0","excluded"
"290","Skarmory","","2","true","9","tiered"
"1225","Skarmory","Mega","9","true","13","tiered"
"291","Houndour","","2","false","0","excluded"
"292","Houndoom","","2","true","5","tiered"
"293","Houndoom","Mega","6","true","11","tiered"
"294","Kingdra","","2","false","0","excluded"
"295","Phanpy","","2","false","0","excluded"
"296","Donphan","","2","false","0","excluded"
"297","Porygon2","","2","false","0","excluded"
"298","Stantler","","2","false","0","excluded"
"299","Smeargle","","2","false","0","excluded"
"300","Tyrogue","","2","false","0","excluded"
"301","Hitmontop","","2","false","0","excluded"
"302","Smoochum","","2","false","0","excluded"
"303","Elekid","","2","false","0","excluded"
"304","Magby","","2","false","0","excluded"
"305","Miltank","","2","false","0","excluded"
"306","Blissey","","2","false","0","excluded"
"307","Raikou","","2","false","0","excluded"
"308","Entei","","2","false","0","excluded"
"309","Suicune","","2","false","0","excluded"
"310","Larvitar","","2","false","0","excluded"
"311","Pupitar","","2","false","0","excluded"
"312","Tyranitar","","2","true","17","tiered"
"313","Tyranitar","Mega","6","true","17","tiered"
"314","Lugia","","2","false","0","excluded"
"315","Ho-oh","","2","false","0","excluded"
"316","Celebi","","2","false","0","excluded"
"317","Treecko","","3","false","0","excluded"
"318","Grovyle","","3","false","0","excluded"
"319","Sceptile","","3","true","7","tiered"
"320","Sceptile","Mega","6","true","13","tiered"
"321","Torchic","","3","false","0","excluded"
"322","Combusken","","3","false","0","excluded"
"323","Blaziken","","3","true","12","tiered"
"324","Blaziken","Mega","6","true","14","tiered"
"325","Mudkip","","3","false","0","excluded"
"326","Marshtomp","","3","false","0","excluded"
"327","Swampert","","3","true","10","tiered"
"328","Swampert","Mega","6","true","16","tiered"
"329","Poochyena","","3","false","0","excluded"
"330","Mightyena","","3","false","0","excluded"
"331","Zigzagoon","","3","false","0","excluded"
"332","Zigzagoon","Galar","8","false","0","excluded"
"333","Linoone","","3","false","0","excluded"
"334","Linoone","Galar","8","false","0","excluded"
"335","Wurmple","","3","false","0","excluded"
"336","Silcoon","","3","false","0","excluded"
"337","Beautifly","","3","false","0","excluded"
"338","Cascoon","","3","false","0","excluded"
"339","Dustox","","3","false","0","excluded"
"340","Lotad","","3","false","0","excluded"
"341","Lombre","","3","false","0","excluded"
"342","Ludicolo","","3","false","0","excluded"
"343","Seedot","","3","false","0","excluded"
"344","Nuzleaf","","3","false","0","excluded"
"345","Shiftry","","3","false","0","excluded"
"346","Taillow","","3","false","0","excluded"
"347","Swellow","","3","false","0","excluded"
"348","Wingull","","3","false","0","excluded"
"349","Pelipper","","3","true","17","tiered"
"350","Ralts","","3","false","0","excluded"
"351","Kirlia","","3","false","0","excluded"
"352","Gardevoir","","3","true","13","tiered"
"353","Gardevoir","Mega","6","true","17","tiered"
"354","Surskit","","3","false","0","excluded"
"355","Masquerain","","3","false","0","excluded"
"356","Shroomish","","3","false","0","excluded"
"357","Breloom","","3","false","0","excluded"
"358","Slakoth","","3","false","0","excluded"
"359","Vigoroth","","3","false","0","excluded"
"360","Slaking","","3","false","0","excluded"
"361","Nincada","","3","false","0","excluded"
"362","Ninjask","","3","false","0","excluded"
"363","Shedinja","","3","false","0","excluded"
"364","Whismur","","3","false","0","excluded"
"365","Loudred","","3","false","0","excluded"
"366","Exploud","","3","false","0","excluded"
"367","Makuhita","","3","false","0","excluded"
"368","Hariyama","","3","false","0","excluded"
"369","Azurill","","3","false","0","excluded"
"370","Nosepass","","3","false","0","excluded"
"371","Skitty","","3","false","0","excluded"
"372","Delcatty","","3","false","0","excluded"
"373","Sableye","","3","true","16","tiered"
"374","Sableye","Mega","6","true","10","tiered"
"375","Mawile","","3","true","1","tiered"
"376","Mawile","Mega","6","true","15","tiered"
"377","Aron","","3","false","0","excluded"
"378","Lairon","","3","false","0","excluded"
"379","Aggron","","3","true","4","tiered"
"380","Aggron","Mega","6","true","13","tiered"
"381","Meditite","","3","false","0","excluded"
"382","Medicham","","3","true","5","tiered"
"383","Medicham","Mega","6","true","6","tiered"
"384","Electrike","","3","false","0","excluded"
"385","Manectric","","3","true","3","tiered"
"386","Manectric","Mega","6","true","11","tiered"
"387","Plusle","","3","false","0","excluded"
"388","Minun","","3","false","0","excluded"
"389","Volbeat","","3","false","0","excluded"
"390","Illumise","","3","false","0","excluded"
"391","Roselia","","3","false","0","excluded"
"392","Gulpin","","3","false","0","excluded"
"393","Swalot","","3","true","3","tiered"
"394","Carvanha","","3","false","0","excluded"
"395","Sharpedo","","3","true","3","tiered"
"396","Sharpedo","Mega","6","true","8","tiered"
"397","Wailmer","","3","false","0","excluded"
"398","Wailord","","3","false","0","excluded"
"399","Numel","","3","false","0","excluded"
"400","Camerupt","","3","true","4","tiered"
"401","Camerupt","Mega","6","true","13","tiered"
"402","Torkoal","","3","true","18","tiered"
"403","Spoink","","3","false","0","excluded"
"404","Grumpig","","3","false","0","excluded"
"405","Spinda","","3","false","0","excluded"
"406","Trapinch","","3","false","0","excluded"
"407","Vibrava","","3","false","0","excluded"
"408","Flygon","","3","false","0","excluded"
"409","Cacnea","","3","false","0","excluded"
"410","Cacturne","","3","false","0","excluded"
"411","Swablu","","3","false","0","excluded"
"412","Altaria","","3","true","9","tiered"
"413","Altaria","Mega","6","true","10","tiered"
"414","Zangoose","","3","false","0","excluded"
"415","Seviper","","3","false","0","excluded"
"416","Lunatone","","3","false","0","excluded"
"417","Solrock","","3","false","0","excluded"
"418","Barboach","","3","false","0","excluded"
"419","Whiscash","","3","false","0","excluded"
"420","Corphish","","3","false","0","excluded"
"421","Crawdaunt","","3","false","0","excluded"
"422","Baltoy","","3","false","0","excluded"
"423","Claydol","","3","false","0","excluded"
"424","Lileep","","3","false","0","excluded"
"425","Cradily","","3","false","0","excluded"
"426","Anorith","","3","false","0","excluded"
"427","Armaldo","","3","false","0","excluded"
"428","Feebas","","3","false","0","excluded"
"429","Milotic","","3","true","17","tiered"
"430","Castform","","3","true","1","tiered"
"431","Castform","Sunny","3","false","0","excluded"
"432","Castform","Rainy","3","false","0","excluded"
"433","Castform","Snowy","3","false","0","excluded"
"434","Kecleon","","3","false","0","excluded"
"435","Shuppet","","3","false","0","excluded"
"436","Banette","","3","true","3","tiered"
"437","Banette","Mega","6","true","7","tiered"
"438","Duskull","","3","false","0","excluded"
"439","Dusclops","","3","false","0","excluded"
"440","Tropius","","3","false","0","excluded"
"441","Chimecho","","3","true","2","tiered"
"1226","Chimecho","Mega","9","true","7","tiered"
"442","Absol","","3","true","4","tiered"
"443","Absol","Mega","6","true","7","tiered"
"1262","Absol","Mega-Z","9","true","12","tiered"
"444","Wynaut","","3","false","0","excluded"
"445","Snorunt","","3","false","0","excluded"
"446","Glalie","","3","true","1","tiered"
"447","Glalie","Mega","6","true","5","tiered"
"448","Spheal","","3","false","0","excluded"
"449","Sealeo","","3","false","0","excluded"
"450","Walrein","","3","false","0","excluded"
"451","Clamperl","","3","false","0","excluded"
"452","Huntail","","3","false","0","excluded"
"453","Gorebyss","","3","false","0","excluded"
"454","Relicanth","","3","false","0","excluded"
"455","Luvdisc","","3","false","0","excluded"
"456","Bagon","","3","false","0","excluded"
"457","Shelgon","","3","false","0","excluded"
"458","Salamence","","3","true","16","tiered"
"459","Salamence","Mega","6","true","20","tiered"
"460","Beldum","","3","false","0","excluded"
"461","Metang","","3","false","0","excluded"
"462","Metagross","","3","true","14","tiered"
"463","Metagross","Mega","6","true","18","tiered"
"464","Regirock","","3","false","0","excluded"
"465","Regice","","3","false","0","excluded"
"466","Registeel","","3","false","0","excluded"
"467","Latias","","3","false","0","excluded"
"468","Latias","Mega","6","false","0","excluded"
"469","Latios","","3","false","0","excluded"
"470","Latios","Mega","6","false","0","excluded"
"471","Kyogre","","3","false","0","excluded"
"472","Kyogre","Primal","3","false","0","excluded"
"473","Groudon","","3","false","0","excluded"
"474","Groudon","Primal","3","false","0","excluded"
"475","Rayquaza","","3","false","0","excluded"
"476","Rayquaza","Mega","6","false","0","excluded"
"477","Jirachi","","3","false","0","excluded"
"478","Deoxys","","3","false","0","excluded"
"479","Deoxys","Attack","3","false","0","excluded"
"480","Deoxys","Defense","3","false","0","excluded"
"481","Deoxys","Speed","3","false","0","excluded"
"482","Turtwig","","4","false","0","excluded"
"483","Grotle","","4","false","0","excluded"
"484","Torterra","","4","true","10","tiered"
"485","Chimchar","","4","false","0","excluded"
"486","Monferno","","4","false","0","excluded"
"487","Infernape","","4","true","7","tiered"
"488","Piplup","","4","false","0","excluded"
"489","Prinplup","","4","false","0","excluded"
"490","Empoleon","","4","true","13","tiered"
"491","Starly","","4","false","0","excluded"
"492","Staravia","","4","false","0","excluded"
"493","Staraptor","","4","true","9","tiered"
"1227","Staraptor","Mega","9","true","16","tiered"
"494","Bidoof","","4","false","0","excluded"
"495","Bibarel","","4","false","0","excluded"
"496","Kricketot","","4","false","0","excluded"
"497","Kricketune","","4","false","0","excluded"
"498","Shinx","","4","false","0","excluded"
"499","Luxio","","4","false","0","excluded"
"500","Luxray","","4","true","5","tiered"
"501","Budew","","4","false","0","excluded"
"502","Roserade","","4","true","5","tiered"
"503","Cranidos","","4","false","0","excluded"
"504","Rampardos","","4","true","9","tiered"
"505","Shieldon","","4","false","0","excluded"
"506","Bastiodon","","4","true","1","tiered"
"507","Burmy","","4","false","0","excluded"
"508","Burmy","Sandy","4","false","0","excluded"
"509","Burmy","Trash","4","false","0","excluded"
"510","Wormadam","","4","false","0","excluded"
"511","Wormadam","Sandy","4","false","0","excluded"
"512","Wormadam","Trash","4","false","0","excluded"
"513","Mothim","","4","false","0","excluded"
"514","Combee","","4","false","0","excluded"
"515","Vespiquen","","4","false","0","excluded"
"516","Pachirisu","","4","false","0","excluded"
"517","Buizel","","4","false","0","excluded"
"518","Floatzel","","4","false","0","excluded"
"519","Cherubi","","4","false","0","excluded"
"520","Cherrim","","4","false","0","excluded"
"521","Shellos","","4","false","0","excluded"
"522","Gastrodon","","4","false","0","excluded"
"523","Ambipom","","4","false","0","excluded"
"524","Drifloon","","4","false","0","excluded"
"525","Drifblim","","4","false","0","excluded"
"526","Buneary","","4","false","0","excluded"
"527","Lopunny","","4","true","2","tiered"
"528","Lopunny","Mega","6","true","14","tiered"
"529","Mismagius","","4","false","0","excluded"
"530","Honchkrow","","4","false","0","excluded"
"531","Glameow","","4","false","0","excluded"
"532","Purugly","","4","false","0","excluded"
"533","Chingling","","4","false","0","excluded"
"534","Stunky","","4","false","0","excluded"
"535","Skuntank","","4","false","0","excluded"
"536","Bronzor","","4","false","0","excluded"
"537","Bronzong","","4","false","0","excluded"
"538","Bonsly","","4","false","0","excluded"
"539","Mime Jr.","","4","false","0","excluded"
"540","Happiny","","4","false","0","excluded"
"541","Chatot","","4","false","0","excluded"
"542","Spiritomb","","4","true","9","tiered"
"543","Gible","","4","false","0","excluded"
"544","Gabite","","4","false","0","excluded"
"545","Garchomp","","4","true","19","tiered"
"546","Garchomp","Mega","6","true","14","tiered"
"1263","Garchomp","Mega-Z","9","true","17","tiered"
"547","Munchlax","","4","false","0","excluded"
"548","Riolu","","4","false","0","excluded"
"549","Lucario","","4","true","12","tiered"
"550","Lucario","Mega","6","true","14","tiered"
"1264","Lucario","Mega-Z","9","true","15","tiered"
"551","Hippopotas","","4","false","0","excluded"
"552","Hippowdon","","4","true","9","tiered"
"553","Skorupi","","4","false","0","excluded"
"554","Drapion","","4","false","0","excluded"
"555","Croagunk","","4","false","0","excluded"
"556","Toxicroak","","4","true","9","tiered"
"557","Carnivine","","4","false","0","excluded"
"558","Finneon","","4","false","0","excluded"
"559","Lumineon","","4","false","0","excluded"
"560","Mantyke","","4","false","0","excluded"
"561","Snover","","4","false","0","excluded"
"562","Abomasnow","","4","true","5","tiered"
"563","Abomasnow","Mega","6","true","9","tiered"
"564","Weavile","","4","true","14","tiered"
"565","Magnezone","","4","false","0","excluded"
"566","Lickilicky","","4","false","0","excluded"
"567","Rhyperior","","4","true","13","tiered"
"568","Tangrowth","","4","false","0","excluded"
"569","Electivire","","4","false","0","excluded"
"570","Magmortar","","4","false","0","excluded"
"571","Togekiss","","4","false","0","excluded"
"572","Yanmega","","4","false","0","excluded"
"573","Leafeon","","4","true","9","tiered"
"574","Glaceon","","4","true","8","tiered"
"575","Gliscor","","4","true","9","tiered"
"576","Mamoswine","","4","true","14","tiered"
"577","Porygon-Z","","4","false","0","excluded"
"578","Gallade","","4","true","14","tiered"
"579","Gallade","Mega","6","true","12","tiered"
"580","Probopass","","4","false","0","excluded"
"581","Dusknoir","","4","false","0","excluded"
"582","Froslass","","4","true","3","tiered"
"1228","Froslass","Mega","9","true","18","tiered"
"583","Rotom","","4","true","6","tiered"
"584","Rotom","Heat","4","true","16","tiered"
"585","Rotom","Wash","4","true","17","tiered"
"586","Rotom","Frost","4","true","14","tiered"
"587","Rotom","Fan","4","true","7","tiered"
"588","Rotom","Mow","4","true","9","tiered"
"589","Uxie","","4","false","0","excluded"
"590","Mesprit","","4","false","0","excluded"
"591","Azelf","","4","false","0","excluded"
"592","Dialga","","4","false","0","excluded"
"593","Dialga","Origin","4","false","0","excluded"
"594","Palkia","","4","false","0","excluded"
"595","Palkia","Origin","4","false","0","excluded"
"596","Heatran","","4","false","0","excluded"
"1229","Heatran","Mega","9","false","0","excluded"
"597","Regigigas","","4","false","0","excluded"
"598","Giratina","","4","false","0","excluded"
"599","Giratina","Origin","4","false","0","excluded"
"600","Cresselia","","4","false","0","excluded"
"601","Phione","","4","false","0","excluded"
"602","Manaphy","","4","false","0","excluded"
"603","Darkrai","","4","false","0","excluded"
"1230","Darkrai","Mega","9","false","0","excluded"
"604","Shaymin","","4","false","0","excluded"
"605","Shaymin","Sky","4","false","0","excluded"
"606","Arceus","","4","false","0","excluded"
"607","Victini","","5","false","0","excluded"
"608","Snivy","","5","false","0","excluded"
"609","Servine","","5","false","0","excluded"
"610","Serperior","","5","true","9","tiered"
"611","Tepig","","5","false","0","excluded"
"612","Pignite","","5","false","0","excluded"
"613","Emboar","","5","true","7","tiered"
"1231","Emboar","Mega","9","true","10","tiered"
"614","Oshawott","","5","false","0","excluded"
"615","Dewott","","5","false","0","excluded"
"616","Samurott","","5","true","7","tiered"
"617","Samurott","Hisui","5","true","12","tiered"
"618","Patrat","","5","false","0","excluded"
"619","Watchog","","5","true","1","tiered"
"620","Lillipup","","5","false","0","excluded"
"621","Herdier","","5","false","0","excluded"
"622","Stoutland","","5","false","0","excluded"
"623","Purrloin","","5","false","0","excluded"
"624","Liepard","","5","true","11","tiered"
"625","Pansage","","5","false","0","excluded"
"626","Simisage","","5","true","2","tiered"
"627","Pansear","","5","false","0","excluded"
"628","Simisear","","5","true","2","tiered"
"629","Panpour","","5","false","0","excluded"
"630","Simipour","","5","true","3","tiered"
"631","Munna","","5","false","0","excluded"
"632","Musharna","","5","true","6","tiered"
"633","Pidove","","5","false","0","excluded"
"634","Tranquill","","5","false","0","excluded"
"635","Unfezant","","5","false","0","excluded"
"636","Blitzle","","5","false","0","excluded"
"637","Zebstrika","","5","false","0","excluded"
"638","Roggenrola","","5","false","0","excluded"
"639","Boldore","","5","false","0","excluded"
"640","Gigalith","","5","false","0","excluded"
"641","Woobat","","5","false","0","excluded"
"642","Swoobat","","5","false","0","excluded"
"643","Drilbur","","5","false","0","excluded"
"644","Excadrill","","5","true","16","tiered"
"1232","Excadrill","Mega","9","true","11","tiered"
"645","Audino","","5","true","1","tiered"
"646","Audino","Mega","6","true","2","tiered"
"647","Timburr","","5","false","0","excluded"
"648","Gurdurr","","5","false","0","excluded"
"649","Conkeldurr","","5","true","11","tiered"
"650","Tympole","","5","false","0","excluded"
"651","Palpitoad","","5","false","0","excluded"
"652","Seismitoad","","5","false","0","excluded"
"653","Throh","","5","false","0","excluded"
"654","Sawk","","5","false","0","excluded"
"655","Sewaddle","","5","false","0","excluded"
"656","Swadloon","","5","false","0","excluded"
"657","Leavanny","","5","false","0","excluded"
"658","Venipede","","5","false","0","excluded"
"659","Whirlipede","","5","false","0","excluded"
"660","Scolipede","","5","true","6","tiered"
"1233","Scolipede","Mega","9","true","8","tiered"
"661","Cottonee","","5","false","0","excluded"
"662","Whimsicott","","5","true","19","tiered"
"663","Petilil","","5","false","0","excluded"
"664","Lilligant","","5","false","0","excluded"
"665","Lilligant","Hisui","5","false","0","excluded"
"666","Basculin","","5","false","0","excluded"
"667","Basculin","Blue-Striped","5","false","0","excluded"
"668","Basculin","White-Striped","5","false","0","excluded"
"669","Sandile","","5","false","0","excluded"
"670","Krokorok","","5","false","0","excluded"
"671","Krookodile","","5","true","13","tiered"
"672","Darumaka","","5","false","0","excluded"
"673","Darumaka","Galar","8","false","0","excluded"
"674","Darmanitan","","5","false","0","excluded"
"675","Darmanitan","Zen","5","false","0","excluded"
"676","Darmanitan","Galar","8","false","0","excluded"
"677","Darmanitan","Galar-Zen","8","false","0","excluded"
"678","Maractus","","5","false","0","excluded"
"679","Dwebble","","5","false","0","excluded"
"680","Crustle","","5","false","0","excluded"
"681","Scraggy","","5","false","0","excluded"
"682","Scrafty","","5","true","11","tiered"
"1234","Scrafty","Mega","9","true","12","tiered"
"683","Sigilyph","","5","false","0","excluded"
"684","Yamask","","5","false","0","excluded"
"685","Yamask","Galar","8","false","0","excluded"
"686","Cofagrigus","","5","true","12","tiered"
"687","Tirtouga","","5","false","0","excluded"
"688","Carracosta","","5","false","0","excluded"
"689","Archen","","5","false","0","excluded"
"690","Archeops","","5","false","0","excluded"
"691","Trubbish","","5","false","0","excluded"
"692","Garbodor","","5","true","2","tiered"
"693","Zorua","","5","false","0","excluded"
"694","Zorua","Hisui","5","false","0","excluded"
"695","Zoroark","","5","true","10","tiered"
"696","Zoroark","Hisui","5","true","15","tiered"
"697","Minccino","","5","false","0","excluded"
"698","Cinccino","","5","false","0","excluded"
"699","Gothita","","5","false","0","excluded"
"700","Gothorita","","5","false","0","excluded"
"701","Gothitelle","","5","false","0","excluded"
"702","Solosis","","5","false","0","excluded"
"703","Duosion","","5","false","0","excluded"
"704","Reuniclus","","5","true","13","tiered"
"705","Ducklett","","5","false","0","excluded"
"706","Swanna","","5","false","0","excluded"
"707","Vanillite","","5","false","0","excluded"
"708","Vanillish","","5","false","0","excluded"
"709","Vanilluxe","","5","true","8","tiered"
"710","Deerling","","5","false","0","excluded"
"711","Sawsbuck","","5","false","0","excluded"
"712","Emolga","","5","true","4","tiered"
"713","Karrablast","","5","false","0","excluded"
"714","Escavalier","","5","false","0","excluded"
"715","Foongus","","5","false","0","excluded"
"716","Amoonguss","","5","false","0","excluded"
"717","Frillish","","5","false","0","excluded"
"718","Jellicent","","5","false","0","excluded"
"719","Alomomola","","5","false","0","excluded"
"720","Joltik","","5","false","0","excluded"
"721","Galvantula","","5","false","0","excluded"
"722","Ferroseed","","5","false","0","excluded"
"723","Ferrothorn","","5","false","0","excluded"
"724","Klink","","5","false","0","excluded"
"725","Klang","","5","false","0","excluded"
"726","Klinklang","","5","false","0","excluded"
"727","Tynamo","","5","false","0","excluded"
"728","Eelektrik","","5","false","0","excluded"
"729","Eelektross","","5","true","8","tiered"
"1235","Eelektross","Mega","9","true","14","tiered"
"730","Elgyem","","5","false","0","excluded"
"731","Beheeyem","","5","false","0","excluded"
"732","Litwick","","5","false","0","excluded"
"733","Lampent","","5","false","0","excluded"
"734","Chandelure","","5","true","12","tiered"
"1236","Chandelure","Mega","9","true","13","tiered"
"735","Axew","","5","false","0","excluded"
"736","Fraxure","","5","false","0","excluded"
"737","Haxorus","","5","false","0","excluded"
"738","Cubchoo","","5","false","0","excluded"
"739","Beartic","","5","true","2","tiered"
"740","Cryogonal","","5","false","0","excluded"
"741","Shelmet","","5","false","0","excluded"
"742","Accelgor","","5","false","0","excluded"
"743","Stunfisk","","5","true","1","tiered"
"744","Stunfisk","Galar","8","true","1","tiered"
"745","Mienfoo","","5","false","0","excluded"
"746","Mienshao","","5","false","0","excluded"
"747","Druddigon","","5","false","0","excluded"
"748","Golett","","5","false","0","excluded"
"749","Golurk","","5","true","9","tiered"
"1237","Golurk","Mega","9","true","12","tiered"
"750","Pawniard","","5","false","0","excluded"
"751","Bisharp","","5","false","0","excluded"
"752","Bouffalant","","5","false","0","excluded"
"753","Rufflet","","5","false","0","excluded"
"754","Braviary","","5","false","0","excluded"
"755","Braviary","Hisui","5","false","0","excluded"
"756","Vullaby","","5","false","0","excluded"
"757","Mandibuzz","","5","false","0","excluded"
"758","Heatmor","","5","false","0","excluded"
"759","Durant","","5","false","0","excluded"
"760","Deino","","5","false","0","excluded"
"761","Zweilous","","5","false","0","excluded"
"762","Hydreigon","","5","true","15","tiered"
"763","Larvesta","","5","false","0","excluded"
"764","Volcarona","","5","true","16","tiered"
"765","Cobalion","","5","false","0","excluded"
"766","Terrakion","","5","false","0","excluded"
"767","Virizion","","5","false","0","excluded"
"768","Tornadus","","5","false","0","excluded"
"769","Tornadus","Therian","5","false","0","excluded"
"770","Thundurus","","5","false","0","excluded"
"771","Thundurus","Therian","5","false","0","excluded"
"772","Reshiram","","5","false","0","excluded"
"773","Zekrom","","5","false","0","excluded"
"774","Landorus","","5","false","0","excluded"
"775","Landorus","Therian","5","false","0","excluded"
"776","Kyurem","","5","false","0","excluded"
"777","Kyurem","White","5","false","0","excluded"
"778","Kyurem","Black","5","false","0","excluded"
"779","Keldeo","","5","false","0","excluded"
"780","Keldeo","Resolute","5","false","0","excluded"
"781","Meloetta","","5","false","0","excluded"
"782","Meloetta","Pirouette","5","false","0","excluded"
"783","Genesect","","5","false","0","excluded"
"784","Chespin","","6","false","0","excluded"
"785","Quilladin","","6","false","0","excluded"
"786","Chesnaught","","6","true","11","tiered"
"1238","Chesnaught","Mega","9","true","10","tiered"
"787","Fennekin","","6","false","0","excluded"
"788","Braixen","","6","false","0","excluded"
"789","Delphox","","6","true","12","tiered"
"1239","Delphox","Mega","9","true","17","tiered"
"790","Froakie","","6","false","0","excluded"
"791","Frogadier","","6","false","0","excluded"
"792","Greninja","","6","true","12","tiered"
"793","Greninja","Ash","6","false","0","excluded"
"1240","Greninja","Mega","9","true","13","tiered"
"794","Bunnelby","","6","false","0","excluded"
"795","Diggersby","","6","true","3","tiered"
"796","Fletchling","","6","false","0","excluded"
"797","Fletchinder","","6","false","0","excluded"
"798","Talonflame","","6","true","16","tiered"
"799","Scatterbug","","6","false","0","excluded"
"800","Spewpa","","6","false","0","excluded"
"801","Vivillon","","6","true","14","tiered"
"802","Litleo","","6","false","0","excluded"
"803","Pyroar","","6","true","1","tiered"
"1241","Pyroar","Mega","9","true","13","tiered"
"804","Flabebe","","6","false","0","excluded"
"805","Floette","","6","false","0","excluded"
"1242","Floette","Mega","9","true","20","tiered"
"1261","Floette","Eternal","6","true","12","tiered"
"806","Florges","","6","true","2","tiered"
"807","Skiddo","","6","false","0","excluded"
"808","Gogoat","","6","true","6","tiered"
"809","Pancham","","6","false","0","excluded"
"810","Pangoro","","6","true","3","tiered"
"811","Furfrou","","6","true","2","tiered"
"812","Espurr","","6","false","0","excluded"
"813","Meowstic","","6","true","13","tiered"
"814","Meowstic","F","6","true","11","tiered"
"1243","Meowstic","Mega","9","true","12","tiered"
"815","Honedge","","6","false","0","excluded"
"816","Doublade","","6","false","0","excluded"
"817","Aegislash","","6","true","15","tiered"
"818","Aegislash","Blade","6","false","0","excluded"
"819","Spritzee","","6","false","0","excluded"
"820","Aromatisse","","6","true","7","tiered"
"821","Swirlix","","6","false","0","excluded"
"822","Slurpuff","","6","true","3","tiered"
"823","Inkay","","6","false","0","excluded"
"824","Malamar","","6","true","2","tiered"
"1244","Malamar","Mega","9","true","4","tiered"
"825","Binacle","","6","false","0","excluded"
"826","Barbaracle","","6","true","3","tiered"
"1245","Barbaracle","Mega","9","true","11","tiered"
"827","Skrelp","","6","false","0","excluded"
"828","Dragalge","","6","true","8","tiered"
"1246","Dragalge","Mega","9","true","11","tiered"
"829","Clauncher","","6","false","0","excluded"
"830","Clawitzer","","6","true","4","tiered"
"831","Helioptile","","6","false","0","excluded"
"832","Heliolisk","","6","true","7","tiered"
"833","Tyrunt","","6","false","0","excluded"
"834","Tyrantrum","","6","true","5","tiered"
"835","Amaura","","6","false","0","excluded"
"836","Aurorus","","6","true","5","tiered"
"837","Sylveon","","6","true","16","tiered"
"838","Hawlucha","","6","true","7","tiered"
"1247","Hawlucha","Mega","9","true","11","tiered"
"839","Dedenne","","6","true","1","tiered"
"840","Carbink","","6","false","0","excluded"
"841","Goomy","","6","false","0","excluded"
"842","Sliggoo","","6","false","0","excluded"
"843","Sliggoo","Hisui","6","false","0","excluded"
"844","Goodra","","6","true","6","tiered"
"845","Goodra","Hisui","6","true","10","tiered"
"846","Klefki","","6","true","14","tiered"
"847","Phantump","","6","false","0","excluded"
"848","Trevenant","","6","true","8","tiered"
"849","Pumpkaboo","","6","false","0","excluded"
"850","Pumpkaboo","Small","6","false","0","excluded"
"851","Pumpkaboo","Large","6","false","0","excluded"
"852","Pumpkaboo","Super","6","false","0","excluded"
"853","Gourgeist","","6","true","8","tiered"
"854","Gourgeist","Small","6","false","0","excluded"
"855","Gourgeist","Large","6","false","0","excluded"
"856","Gourgeist","Super","6","false","0","excluded"
"857","Bergmite","","6","false","0","excluded"
"858","Avalugg","","6","true","2","tiered"
"859","Avalugg","Hisui","6","true","1","tiered"
"860","Noibat","","6","false","0","excluded"
"861","Noivern","","6","true","9","tiered"
"862","Xerneas","","6","false","0","excluded"
"863","Yveltal","","6","false","0","excluded"
"864","Zygarde","","6","false","0","excluded"
"865","Zygarde","10%","6","false","0","excluded"
"866","Zygarde","Complete","6","false","0","excluded"
"1248","Zygarde","Mega","9","false","0","excluded"
"867","Diancie","","6","false","0","excluded"
"868","Diancie","Mega","6","false","0","excluded"
"869","Hoopa","","6","false","0","excluded"
"870","Hoopa","Unbound","6","false","0","excluded"
"871","Volcanion","","6","false","0","excluded"
"872","Rowlet","","7","false","0","excluded"
"873","Dartrix","","7","false","0","excluded"
"874","Decidueye","","7","true","6","tiered"
"875","Decidueye","Hisui","7","true","8","tiered"
"876","Litten","","7","false","0","excluded"
"877","Torracat","","7","false","0","excluded"
"878","Incineroar","","7","true","19","tiered"
"879","Popplio","","7","false","0","excluded"
"880","Brionne","","7","false","0","excluded"
"881","Primarina","","7","true","16","tiered"
"882","Pikipek","","7","false","0","excluded"
"883","Trumbeak","","7","false","0","excluded"
"884","Toucannon","","7","true","5","tiered"
"885","Yungoos","","7","false","0","excluded"
"886","Gumshoos","","7","false","0","excluded"
"887","Grubbin","","7","false","0","excluded"
"888","Charjabug","","7","false","0","excluded"
"889","Vikavolt","","7","false","0","excluded"
"890","Crabrawler","","7","false","0","excluded"
"891","Crabominable","","7","true","4","tiered"
"1249","Crabominable","Mega","9","true","12","tiered"
"892","Oricorio","","7","false","0","excluded"
"893","Oricorio","Pom-Pom","7","false","0","excluded"
"894","Oricorio","Pa'u","7","false","0","excluded"
"895","Oricorio","Sensu","7","false","0","excluded"
"1193","Oricorio","All-Variations","7","false","0","excluded"
"896","Cutiefly","","7","false","0","excluded"
"897","Ribombee","","7","false","0","excluded"
"898","Rockruff","","7","false","0","excluded"
"899","Rockruff","Own-Tempo","7","false","0","excluded"
"900","Lycanroc","","7","true","6","tiered"
"901","Lycanroc","Midnight","7","true","14","tiered"
"902","Lycanroc","Dusk","7","true","12","tiered"
"903","Wishiwashi","","7","false","0","excluded"
"904","Wishiwashi","School","7","false","0","excluded"
"905","Mareanie","","7","false","0","excluded"
"906","Toxapex","","7","true","13","tiered"
"907","Mudbray","","7","false","0","excluded"
"908","Mudsdale","","7","true","11","tiered"
"909","Dewpider","","7","false","0","excluded"
"910","Araquanid","","7","true","12","tiered"
"911","Fomantis","","7","false","0","excluded"
"912","Lurantis","","7","false","0","excluded"
"913","Morelull","","7","false","0","excluded"
"914","Shiinotic","","7","false","0","excluded"
"915","Salandit","","7","false","0","excluded"
"916","Salazzle","","7","true","3","tiered"
"917","Stufful","","7","false","0","excluded"
"918","Bewear","","7","false","0","excluded"
"919","Bounsweet","","7","false","0","excluded"
"920","Steenee","","7","false","0","excluded"
"921","Tsareena","","7","true","14","tiered"
"922","Comfey","","7","false","0","excluded"
"923","Oranguru","","7","true","13","tiered"
"924","Passimian","","7","true","3","tiered"
"925","Wimpod","","7","false","0","excluded"
"926","Golisopod","","7","true","4","tiered"
"1250","Golisopod","Mega","9","true","18","tiered"
"927","Sandygast","","7","false","0","excluded"
"928","Palossand","","7","false","0","excluded"
"929","Pyukumuku","","7","false","0","excluded"
"930","Type: Null","","7","false","0","excluded"
"931","Silvally","","7","false","0","excluded"
"932","Minior","Meteor","7","false","0","excluded"
"933","Minior","","7","false","0","excluded"
"934","Komala","","7","false","0","excluded"
"935","Turtonator","","7","false","0","excluded"
"936","Togedemaru","","7","false","0","excluded"
"937","Mimikyu","","7","true","14","tiered"
"938","Bruxish","","7","false","0","excluded"
"939","Drampa","","7","true","4","tiered"
"1251","Drampa","Mega","9","true","11","tiered"
"940","Dhelmise","","7","false","0","excluded"
"941","Jangmo-o","","7","false","0","excluded"
"942","Hakamo-o","","7","false","0","excluded"
"943","Kommo-o","","7","true","14","tiered"
"944","Tapu Koko","","7","false","0","excluded"
"945","Tapu Lele","","7","false","0","excluded"
"946","Tapu Bulu","","7","false","0","excluded"
"947","Tapu Fini","","7","false","0","excluded"
"948","Cosmog","","7","false","0","excluded"
"949","Cosmoem","","7","false","0","excluded"
"950","Solgaleo","","7","false","0","excluded"
"951","Lunala","","7","false","0","excluded"
"952","Nihilego","","7","false","0","excluded"
"953","Buzzwole","","7","false","0","excluded"
"954","Pheromosa","","7","false","0","excluded"
"955","Xurkitree","","7","false","0","excluded"
"956","Celesteela","","7","false","0","excluded"
"957","Kartana","","7","false","0","excluded"
"958","Guzzlord","","7","false","0","excluded"
"959","Necrozma","","7","false","0","excluded"
"960","Necrozma","Dusk-Mane","7","false","0","excluded"
"961","Necrozma","Dawn-Wings","7","false","0","excluded"
"962","Necrozma","Ultra","7","false","0","excluded"
"963","Magearna","","7","false","0","excluded"
"1252","Magearna","Mega","9","false","0","excluded"
"964","Marshadow","","7","false","0","excluded"
"965","Poipole","","7","false","0","excluded"
"966","Naganadel","","7","false","0","excluded"
"967","Stakataka","","7","false","0","excluded"
"968","Blacephalon","","7","false","0","excluded"
"969","Zeraora","","7","false","0","excluded"
"1253","Zeraora","Mega","9","false","0","excluded"
"970","Meltan","","7","false","0","excluded"
"971","Melmetal","","7","false","0","excluded"
"972","Grookey","","8","false","0","excluded"
"973","Thwackey","","8","false","0","excluded"
"974","Rillaboom","","8","true","19","tiered"
"975","Scorbunny","","8","false","0","excluded"
"976","Raboot","","8","false","0","excluded"
"977","Cinderace","","8","true","9","tiered"
"978","Sobble","","8","false","0","excluded"
"979","Drizzile","","8","false","0","excluded"
"980","Inteleon","","8","true","8","tiered"
"981","Skwovet","","8","false","0","excluded"
"982","Greedent","","8","false","0","excluded"
"983","Rookidee","","8","false","0","excluded"
"984","Corvisquire","","8","false","0","excluded"
"985","Corviknight","","8","true","15","tiered"
"986","Blipbug","","8","false","0","excluded"
"987","Dottler","","8","false","0","excluded"
"988","Orbeetle","","8","false","0","excluded"
"989","Nickit","","8","false","0","excluded"
"990","Thievul","","8","true","4","tiered"
"991","Gossifleur","","8","false","0","excluded"
"992","Eldegoss","","8","false","0","excluded"
"993","Wooloo","","8","false","0","excluded"
"994","Dubwool","","8","false","0","excluded"
"995","Chewtle","","8","false","0","excluded"
"996","Drednaw","","8","false","0","excluded"
"997","Yamper","","8","false","0","excluded"
"998","Boltund","","8","false","0","excluded"
"999","Rolycoly","","8","false","0","excluded"
"1000","Carkol","","8","false","0","excluded"
"1001","Coalossal","","8","false","0","excluded"
"1002","Applin","","8","false","0","excluded"
"1003","Flapple","","8","true","4","tiered"
"1004","Appletun","","8","true","7","tiered"
"1005","Silicobra","","8","false","0","excluded"
"1006","Sandaconda","","8","true","7","tiered"
"1007","Cramorant","","8","false","0","excluded"
"1008","Arrokuda","","8","false","0","excluded"
"1009","Barraskewda","","8","false","0","excluded"
"1010","Toxel","","8","false","0","excluded"
"1011","Toxtricity","","8","true","10","tiered"
"1012","Toxtricity","Low-Key","8","true","10","tiered"
"1013","Sizzlipede","","8","false","0","excluded"
"1014","Centiskorch","","8","false","0","excluded"
"1015","Clobbopus","","8","false","0","excluded"
"1016","Grapploct","","8","true","9","tiered"
"1017","Sinistea","","8","false","0","excluded"
"1018","Polteageist","","8","true","7","tiered"
"1019","Hatenna","","8","false","0","excluded"
"1020","Hattrem","","8","false","0","excluded"
"1021","Hatterene","","8","true","16","tiered"
"1022","Impidimp","","8","false","0","excluded"
"1023","Morgrem","","8","false","0","excluded"
"1024","Grimmsnarl","","8","true","17","tiered"
"1025","Obstagoon","","8","false","0","excluded"
"1026","Perrserker","","8","true","8","tiered"
"1027","Cursola","","8","false","0","excluded"
"1028","Sirfetchd","","8","true","9","tiered"
"1029","Mr. Rime","","8","true","8","tiered"
"1030","Runerigus","","8","false","0","excluded"
"1031","Milcery","","8","false","0","excluded"
"1032","Alcremie","","8","true","9","tiered"
"1033","Falinks","","8","true","6","tiered"
"1254","Falinks","Mega","9","true","7","tiered"
"1034","Pincurchin","","8","true","7","tiered"
"1035","Snom","","8","false","0","excluded"
"1036","Frosmoth","","8","false","0","excluded"
"1037","Stonjourner","","8","false","0","excluded"
"1038","Eiscue","","8","false","0","excluded"
"1039","Eiscue","Noice","8","false","0","excluded"
"1040","Indeedee","","8","true","17","tiered"
"1041","Indeedee","F","8","true","18","tiered"
"1192","Indeedee","Both-Genders","8","false","0","excluded"
"1042","Morpeko","","8","true","1","tiered"
"1043","Morpeko","Hangry","8","false","0","excluded"
"1044","Cufant","","8","false","0","excluded"
"1045","Copperajah","","8","false","0","excluded"
"1046","Dracozolt","","8","false","0","excluded"
"1047","Arctozolt","","8","false","0","excluded"
"1048","Dracovish","","8","false","0","excluded"
"1049","Arctovish","","8","false","0","excluded"
"1050","Duraludon","","8","false","0","excluded"
"1051","Dreepy","","8","false","0","excluded"
"1052","Drakloak","","8","false","0","excluded"
"1053","Dragapult","","8","true","15","tiered"
"1054","Zacian","","8","false","0","excluded"
"1055","Zacian","Crowned","8","false","0","excluded"
"1056","Zamazenta","","8","false","0","excluded"
"1057","Zamazenta","Crowned","8","false","0","excluded"
"1058","Eternatus","","8","false","0","excluded"
"1059","Eternatus","Eternamax","8","false","0","excluded"
"1060","Kubfu","","8","false","0","excluded"
"1061","Urshifu","","8","false","0","excluded"
"1062","Urshifu","Rapid-Strike","8","false","0","excluded"
"1063","Zarude","","8","false","0","excluded"
"1064","Regieleki","","8","false","0","excluded"
"1065","Regidrago","","8","false","0","excluded"
"1066","Glastrier","","8","false","0","excluded"
"1067","Spectrier","","8","false","0","excluded"
"1068","Calyrex","","8","false","0","excluded"
"1069","Calyrex","Ice","8","false","0","excluded"
"1070","Calyrex","Shadow","8","false","0","excluded"
"1071","Wyrdeer","","8","true","6","tiered"
"1072","Kleavor","","8","true","10","tiered"
"1073","Ursaluna","","8","false","0","excluded"
"1216","Ursaluna","Bloodmoon","9","false","0","excluded"
"1074","Basculegion","","8","true","20","tiered"
"1075","Basculegion","F","8","true","15","tiered"
"1076","Sneasler","","8","true","19","tiered"
"1077","Overqwil","","8","true","10","tiered"
"1078","Enamorus","","8","false","0","excluded"
"1079","Enamorus","Therian","8","false","0","excluded"
"1080","Sprigatito","","9","false","0","excluded"
"1081","Floragato","","9","false","0","excluded"
"1082","Meowscarada","","9","true","13","tiered"
"1083","Fuecoco","","9","false","0","excluded"
"1084","Crocalor","","9","false","0","excluded"
"1085","Skeledirge","","9","true","10","tiered"
"1086","Quaxly","","9","false","0","excluded"
"1087","Quaxwell","","9","false","0","excluded"
"1088","Quaquaval","","9","true","10","tiered"
"1089","Lechonk","","9","false","0","excluded"
"1090","Oinkologne","","9","false","0","excluded"
"1091","Oinkologne","F","9","false","0","excluded"
"1191","Oinkologne","Both-Genders","9","false","0","excluded"
"1092","Tarountula","","9","false","0","excluded"
"1093","Spidops","","9","false","0","excluded"
"1094","Nymble","","9","false","0","excluded"
"1095","Lokix","","9","false","0","excluded"
"1096","Pawmi","","9","false","0","excluded"
"1097","Pawmo","","9","false","0","excluded"
"1098","Pawmot","","9","true","15","tiered"
"1099","Tandemaus","","9","false","0","excluded"
"1100","Maushold","","9","true","18","tiered"
"1101","Maushold","Four","9","false","0","excluded"
"1102","Fidough","","9","false","0","excluded"
"1103","Dachsbun","","9","false","0","excluded"
"1104","Smoliv","","9","false","0","excluded"
"1105","Dolliv","","9","false","0","excluded"
"1106","Arboliva","","9","true","8","tiered"
"1107","Squawkabilly","","9","true","8","tiered"
"1108","Squawkabilly","Blue","9","false","0","excluded"
"1109","Squawkabilly","Yellow","9","false","0","excluded"
"1110","Squawkabilly","White","9","false","0","excluded"
"1111","Nacli","","9","false","0","excluded"
"1112","Naclstack","","9","false","0","excluded"
"1113","Garganacl","","9","true","7","tiered"
"1114","Charcadet","","9","false","0","excluded"
"1115","Armarouge","","9","true","16","tiered"
"1116","Ceruledge","","9","true","11","tiered"
"1117","Tadbulb","","9","false","0","excluded"
"1118","Bellibolt","","9","true","8","tiered"
"1119","Wattrel","","9","false","0","excluded"
"1120","Kilowattrel","","9","false","0","excluded"
"1121","Maschiff","","9","false","0","excluded"
"1122","Mabosstiff","","9","true","10","tiered"
"1123","Shroodle","","9","false","0","excluded"
"1124","Grafaiai","","9","false","0","excluded"
"1125","Bramblin","","9","false","0","excluded"
"1126","Brambleghast","","9","false","0","excluded"
"1127","Toedscool","","9","false","0","excluded"
"1128","Toedscruel","","9","false","0","excluded"
"1129","Klawf","","9","false","0","excluded"
"1130","Capsakid","","9","false","0","excluded"
"1131","Scovillain","","9","true","6","tiered"
"1255","Scovillain","Mega","9","true","15","tiered"
"1132","Rellor","","9","false","0","excluded"
"1133","Rabsca","","9","false","0","excluded"
"1134","Flittle","","9","false","0","excluded"
"1135","Espathra","","9","true","10","tiered"
"1136","Tinkatink","","9","false","0","excluded"
"1137","Tinkatuff","","9","false","0","excluded"
"1138","Tinkaton","","9","true","9","tiered"
"1139","Wiglett","","9","false","0","excluded"
"1140","Wugtrio","","9","false","0","excluded"
"1141","Bombirdier","","9","false","0","excluded"
"1142","Finizen","","9","false","0","excluded"
"1143","Palafin","","9","true","15","tiered"
"1144","Palafin","Hero","9","false","0","excluded"
"1145","Varoom","","9","false","0","excluded"
"1146","Revavroom","","9","false","0","excluded"
"1147","Cyclizar","","9","false","0","excluded"
"1148","Orthworm","","9","true","10","tiered"
"1149","Glimmet","","9","false","0","excluded"
"1150","Glimmora","","9","true","15","tiered"
"1256","Glimmora","Mega","9","true","17","tiered"
"1151","Greavard","","9","false","0","excluded"
"1152","Houndstone","","9","true","14","tiered"
"1153","Flamigo","","9","false","0","excluded"
"1154","Cetoddle","","9","false","0","excluded"
"1155","Cetitan","","9","false","0","excluded"
"1156","Veluza","","9","false","0","excluded"
"1157","Dondozo","","9","false","0","excluded"
"1158","Tatsugiri","","9","false","0","excluded"
"1257","Tatsugiri","Curly-Mega","9","false","0","excluded"
"1258","Tatsugiri","Droopy-Mega","9","false","0","excluded"
"1259","Tatsugiri","Stretchy-Mega","9","false","0","excluded"
"1159","Annihilape","","9","true","17","tiered"
"1160","Clodsire","","9","false","0","excluded"
"1161","Farigiraf","","9","true","18","tiered"
"1162","Dudunsparce","","9","false","0","excluded"
"1163","Dudunsparce","Three-Segment","9","false","0","excluded"
"1164","Kingambit","","9","true","20","tiered"
"1165","Great Tusk","","9","false","0","excluded"
"1166","Scream Tail","","9","false","0","excluded"
"1167","Brute Bonnet","","9","false","0","excluded"
"1168","Flutter Mane","","9","false","0","excluded"
"1169","Slither Wing","","9","false","0","excluded"
"1170","Sandy Shocks","","9","false","0","excluded"
"1171","Iron Treads","","9","false","0","excluded"
"1172","Iron Bundle","","9","false","0","excluded"
"1173","Iron Hands","","9","false","0","excluded"
"1174","Iron Jugulis","","9","false","0","excluded"
"1175","Iron Moth","","9","false","0","excluded"
"1176","Iron Thorns","","9","false","0","excluded"
"1177","Frigibax","","9","false","0","excluded"
"1178","Arctibax","","9","false","0","excluded"
"1179","Baxcalibur","","9","true","15","tiered"
"1260","Baxcalibur","Mega","9","true","16","tiered"
"1180","Gimmighoul","","9","false","0","excluded"
"1181","Gimmighoul","Roaming","9","false","0","excluded"
"1182","Gholdengo","","9","true","17","tiered"
"1183","Wo-Chien","","9","false","0","excluded"
"1184","Chien-Pao","","9","false","0","excluded"
"1185","Ting-Lu","","9","false","0","excluded"
"1186","Chi-Yu","","9","false","0","excluded"
"1187","Roaring Moon","","9","false","0","excluded"
"1188","Iron Valiant","","9","false","0","excluded"
"1189","Koraidon","","9","false","0","excluded"
"1190","Miraidon","","9","false","0","excluded"
"1194","Walking Wake","","9","false","0","excluded"
"1195","Iron Leaves","","9","false","0","excluded"
"1196","Dipplin","","9","false","0","excluded"
"1197","Poltchageist","","9","false","0","excluded"
"1198","Sinistcha","","9","true","19","tiered"
"1199","Okidogi","","9","false","0","excluded"
"1200","Munkidori","","9","false","0","excluded"
"1201","Fezandipiti","","9","false","0","excluded"
"1202","Ogerpon","","9","false","0","excluded"
"1203","Ogerpon","Cornerstone","9","false","0","excluded"
"1204","Ogerpon","Hearthflame","9","false","0","excluded"
"1205","Ogerpon","Wellspring","9","false","0","excluded"
"1206","Archaludon","","9","true","18","tiered"
"1207","Hydrapple","","9","true","7","tiered"
"1208","Gouging Fire","","9","false","0","excluded"
"1209","Raging Bolt","","9","false","0","excluded"
"1210","Iron Boulder","","9","false","0","excluded"
"1211","Iron Crown","","9","false","0","excluded"
"1212","Terapagos","","9","false","0","excluded"
"1213","Terapagos","Terastal","9","false","0","excluded"
"1214","Terapagos","Stellar","9","false","0","excluded"
"1215","Pecharunt","","9","false","0","excluded"